CNTRCT_PBP_SK,CNTRCT_PLAN_CNTCT_OBSLT_DT,CNTRCT_PLAN_CNTCT_TYPE_CD,CNTRCT_PLAN_FREE_EXTNSN_NUM,CNTRCT_PLAN_CNTCT_FREE_NUM,CNTRCT_PLAN_CNTCT_EXTNSN_NUM,CNTRCT_PLAN_CNTCT_TEL_NUM,CNTRCT_PBP_END_DT,CNTRCT_PBP_BGN_DT,CNTRCT_PLAN_CNTCT_ST_1_ADR,CNTRCT_PLAN_CNTCT_ST_2_ADR,CNTRCT_PLAN_CNTCT_CITY_NAME,CNTRCT_PLAN_CNTCT_STATE_CD,CNTRCT_PLAN_CNTCT_ZIP_CD
-022358956874,9999-12-31,62,2261305,0836191058,9173997,6283664345,2026-12-31,2026-01-29,319 E. Street,Avenue M,San Jose,CA,495643388
-527078628357,9999-12-31,~,0009848,0920095893,6386753,4129903827,2026-12-31,2026-01-29,319 E. Street,Avenue M,San Jose,CA,653520779
-145799669164,9999-12-31,~,8915981,2395090905,1823311,9385556830,2026-12-31,2026-01-29,319 E. Street,,San Jose,CA,953377901
-182280085303,9999-12-31,62,0721446,1132909381,9659529,6622449791,2026-12-31,2026-01-29,319 E. Street,,San Francisco,CA,635266692
-275004762478,9999-12-31,62,2942094,3292348207,3776691,0308804538,2026-12-31,2026-01-29,North Street,Avenue M,Los Angeles,CA,601524751
-121891810917,9999-12-31,~,7035279,2023261147,2534605,0498854225,2026-12-31,2026-01-29,North Street,,San Francisco,CA,560136348
-645660269337,9999-12-31,30,5565081,3714758410,3713746,5293630252,2026-12-31,2026-01-29,North Street,Avenue M,San Francisco,CA,426496748
-324424415067,9999-12-31,62,4054300,6828194497,9452178,0100688622,2026-12-31,2026-01-29,North Street,,San Francisco,CA,057278671
-184421992009,9999-12-31,62,4379708,7992935726,2908897,1034077601,2026-12-31,2026-01-29,North Street,,San Jose,CA,267211928
-817447856841,9999-12-31,62,4291453,5600970308,7915122,7626381246,2026-12-31,2026-01-29,319 E. Street,Avenue M,Los Angeles,CA,043823363
